p_throws,player_name,CH,CU,FC,FF,SI,SL,FIP_based_on_stuff,Predicted_FIP,exp_whiff_pct,exp_homerun_pct,uBB_perc,PA
L,A.J. Minter,44,,81,83,,,3.24,3.42,14.8,3.3,8.2,83
L,Aaron Loup,,,8,,80,,4.49,4.2,10.4,4.1,4.2,94
L,Adam Kolarek,,,,,83,,4.06,3.88,7.5,2,5.6,72
L,Adam Morgan,,,,,,38,3.78,4.23,13.7,4.1,10.3,58
L,Alex Claudio,48,,,,34,42,4.01,4.06,9.1,2.6,7.4,80
L,Alex Wood,53,,,,44,,3.81,3.9,10.6,2.8,7.7,65
L,Alex Young,41,82,38,19,12,,3.81,3.82,12,3.4,6.9,204
L,Amir Garrett,,,,48,,88,3.32,3.71,13.1,2.8,10.1,66
L,Andrew Heaney,44,67,,10,,,4.38,4.39,12.1,4.6,6.5,278
L,Andrew Miller,,,,,,36,3.97,4.24,9.9,2.8,9.1,55
L,Anthony Kay,41,61,,77,,,3.76,4.53,10.8,2.7,13.3,97
L,Anthony Misiewicz,,,93,71,,,2.82,2.68,12.5,1.4,6,82
L,Austin Gomber,28.000000000000004,,,53,,7.000000000000001,4.38,5.1,10.6,4,12.6,119
L,Blake Snell,83,100,,87,,92,2.66,2.9,16.1,2.7,8.9,197
L,Blake Taylor,,,,96,,63,3.32,4,12.9,2.7,12.6,86
L,Brad Hand,,,,2,12,32,4.63,4.4,9.6,4.1,4.7,86
L,Brent Suter,57.99999999999999,,,55.00000000000001,,,4.76,4.4,6.4,3,3.9,123
L,Brett Anderson,41,,45,,75,7.000000000000001,3.99,3.77,10,2.9,5,203
L,Brett Martin,,,,78,,67,3.62,4.59,12.9,3.3,14.8,60
L,Brooks Raley,,,92,,,79,2.94,2.96,14.6,2.6,7.1,84
L,Caleb Baragar,,,,79,,,4.04,3.95,13.9,4.7,5.7,88
L,Caleb Ferguson,,,,90,,,3.82,3.51,14,4.3,4,75
L,Caleb Smith,,,,4,,,5.44,7.12,12.2,6.9,20,60
L,Caleb Thielbar,,23,,33,,,4.72,5.24,9.3,4.2,11,84
L,Chasen Shreve,100,,,16,,,3.51,4.13,14,3.6,11.8,100
L,Clayton Kershaw,,49,,83,,13,4.04,3.69,12.7,4.2,3.6,199
L,Cody Reed,,,,,12,51,3.35,4.25,12,2.4,14.5,55
L,Dallas Keuchel,59,,69,,33,,3.85,3.81,9.9,2.5,6.6,258
L,Daniel Castano,33,,,49,37,8,4.55,4.78,8.4,3.4,8.7,127
L,Daniel Norris,77,,,56.00000000000001,,23,3.66,3.57,12.8,3.4,6,116
L,Danny Duffy,28.000000000000004,54,,66,53,51,4.07,4.36,10.9,3.5,9.1,242
L,David Peterson,18,,,37,37,59,3.96,4.55,11.3,3.4,11.7,205
L,Derek Holland,6,,,,8,,5.08,5.34,11.3,5.8,8.4,182
L,Devin Smeltzer,10,,,1,,,5.28,5.35,10.2,5.7,6.9,72
L,Drew Pomeranz,94,,,93,,,3.44,4.27,13,3,13.7,73
L,Drew Smyly,,91,14.000000000000002,63,,,3.62,3.78,12.4,3.1,8.1,111
L,Eric Lauer,,,17,8,,,4.8,5.79,9.8,4.5,14.8,61
L,Framber Valdez,23,94,,,45,,3.78,3.6,9.3,2.1,5.6,306
L,Genesis Cabrera,28.000000000000004,70,,85,,,3.6,4.78,11.5,2.7,16.7,96
L,Gio Gonzalez,75,74,,31,69,,3.78,4.45,11.1,2.9,12.4,156
L,Grant Dayton,,19,,51,,,4.48,4.71,10.8,4.3,8.5,116
L,Gregory Soto,,,,,10,100,4.6,5.41,10.5,4.4,13.3,98
L,Hoby Milner,,3,,,26,,4.91,5.33,7.3,3.7,10.2,58
L,Hyun Jin Ryu,67,35,28.000000000000004,44,67,,4.01,3.93,10.1,3,6.2,275
L,J.A. Happ,41,,,34,72,10,4.31,4.43,10.4,3.7,7.7,197
L,Jace Fry,,,91,,75,,3.83,4.46,11.8,3.3,12,81
L,Jake Diekman,,,,62,,96,3.29,4.04,13.1,2.7,13.1,86
L,Jake McGee,,,,64,,,4.46,4.11,10.2,3.9,3.8,79
L,Jalen Beeks,69,,,74,,,3.29,3.04,12.3,2.4,4.9,68
L,James Paxton,83,,,27,,,4.48,4.64,11.4,4.6,7.8,90
L,Jarlin Garcia,2,,,22,,43,4.6,4.96,10.5,4.4,9.5,73
L,Jeffrey Springs,54,,,,17,84,3.64,3.56,12.3,3.1,6.1,98
L,Jesus Luzardo,36,99,,45,36,,3.66,3.63,12.8,3.4,6.5,264
L,Joely Rodriguez,33,,,,37,,3.74,4.06,10.6,2.6,9.6,52
L,John King,,,,,26,,3.89,3.99,9.4,2.4,7.8,51
L,John Means,14.000000000000002,96,,74,,0,4.17,3.87,12.7,4.4,4,176
L,Jon Lester,59,13,41,14.000000000000002,46,,4.4,4.36,9.3,3.5,6.4,265
L,Jordan Montgomery,28.000000000000004,52,13,39,73,,4.12,3.89,11.7,3.9,4.7,193
L,Josh Fleming,90,,,,85,0,3.46,3.25,9.7,1.6,5.4,131
L,Josh Hader,,,,98,,76,2.82,3.55,16.7,3.3,12.8,78
L,Josh Osich,,,56.00000000000001,77,,,3.89,3.76,10.8,3,5.8,87
L,Julio Urias,83,88,,90,,,3.15,3.28,13.2,2.5,8,220
L,Justin Wilson,,,87,92,,,3.43,3.71,11.5,2.3,9.3,83
L,Justus Sheffield,9,,,,69,49,3.72,3.92,10.2,2.4,8.6,234
L,Keegan Akin,30,37,,7.000000000000001,,,4.78,5.05,11.6,5.2,8.6,117
L,Kolby Allard,10,,59,56.99999999999999,,,4.13,4.9,10.2,3.3,13.2,153
L,Kris Bubic,14.000000000000002,56.99999999999999,,60,,,4.3,4.64,10.8,3.9,9.5,221
L,Kwang Hyun Kim,39,1,,56.99999999999999,,12,4.32,4.27,8.6,3,6.5,152
L,Kyle Freeland,39,62,,47,22,9,3.91,4.01,10.7,3,7.6,305
L,Kyle Hart,64,,,10,,1,4.4,5.38,9.7,3.6,14.9,67
L,Kyle Ryan,,,2,,4,,5.62,5.97,9.3,6.1,9.1,66
L,Lewis Thorpe,,,,39,,11,4.32,5.07,10.3,3.7,13,77
L,Madison Bumgarner,,8,16,7.000000000000001,,,5.08,5.02,10.6,5.5,5.8,188
L,Marco Gonzales,13,11,9,,18,,4.94,4.44,8.1,4.1,2.5,277
L,Martin Perez,41,31,76,56.99999999999999,74,,3.7,4.15,10.2,2.4,10.7,263
L,Matt Hall,,,,42,,,4.71,6.13,8.5,3.8,18.5,54
L,Matt Strahm,,,,42,94,,3.9,3.65,10.2,2.8,4.8,84
L,Matthew Boyd,84,56.00000000000001,,23,,28.000000000000004,4.06,4.23,11.5,3.7,8.1,271
L,Max Fried,67,77,,86,53,41,3.59,3.76,9.4,1.8,8.5,226
L,Mike Kickham,,79,,,,6,3.51,3.37,11.9,2.7,5.7,69
L,Mike Minor,3,,,69,,1,4.55,4.75,9.4,3.8,8.4,239
L,Nick Margevicius,69,10,,36,,14.000000000000002,4.42,4.47,9.8,3.7,7.1,168
L,Nik Turley,,75,,80,,,4.06,4.55,10.1,3.1,10.9,91
L,Oliver Perez,,,,,47,18,4.55,4.24,8.2,3.3,4.2,71
L,Patrick Corbin,74,,,18,37,15,4.45,4.35,10,3.9,5.8,294
L,Patrick Sandoval,51,,,69,,4,3.94,4.03,12,3.6,7.5,159
L,Paul Fry,,,,64,,89,3.08,3.34,12.7,2.1,9.2,98
L,Rich Hill,,15,,0,,,5.38,5.92,8,5,10.9,150
L,Richard Bleier,,,,,37,93,3.94,3.64,9.3,2.5,4.5,66
L,Robbie Erlin,24,5,,13,,,4.96,4.77,9.8,4.9,4.9,121
L,Robbie Ray,,65,,63,,42,3.82,5.14,14.6,4.5,17.5,261
L,Ross Detwiler,,,,4,99,4,4.49,4.28,9.7,3.8,4.9,80
L,Ryan Borucki,28.000000000000004,,,,50,76,3.6,4.59,11.6,2.7,15.1,71
L,Ryan Yarbrough,64,96,21,,31,,3.87,3.61,10.8,3,4.7,220
L,Sam Howard,,,,35,,10,4.37,4.81,13,5,10,90
L,Sam Selman,,,,71,,14.000000000000002,3.77,4.28,12.2,3.3,11,82
L,Scott Alexander,,,,,74,,3.99,4.99,8,2,15.4,51
L,Sean Manaea,24,7.000000000000001,,,60,,4.32,3.93,9.1,3.2,3.6,222
L,Sean Newcomb,9,,,72,,,4.19,4.41,10.4,3.5,8.6,70
L,Stephen Tarpley,,,,,62,,4.64,5.19,8.5,3.6,11.3,51
L,Steven Brault,85,,,56.99999999999999,53,49,3.51,4.16,11.7,2.6,12.4,176
L,Steven Matz,30,70,,,20,,4.1,4.13,11.1,3.6,7,143
L,T.J. McFarland,67,,,,64,,3.74,3.53,8.8,1.8,5.4,93
L,Tanner Scott,,,,94,,90,2.51,3.08,16.5,2.5,11.6,87
L,Tarik Skubal,11,89,,54,,36,4.24,4.44,12.9,4.7,8.2,133
L,Taylor Hearn,,,,73,,40,3.65,4.59,13.5,3.6,14.5,74
L,Taylor Rogers,,,,,37,69,3.57,3.26,11,2.4,4.4,94
L,Tim Hill,,,,26,71,,4.54,4.5,9.8,4,6.3,78
L,Tommy Milone,81,,,0,,43,4.93,4.57,11.4,5.5,3.3,181
L,Tony Watson,12,,,,23,,4.07,3.73,9.8,2.9,4.1,74
L,Trevor Rogers,92,,,22,,31,4.1,4.5,11.6,3.8,10,130
L,Tyler Alexander,69,,84,14.000000000000002,28.999999999999996,68,3.79,3.67,10.9,2.9,5.9,147
L,Tyler Anderson,36,,64,8,75,,4.26,4.62,11.5,4.1,9.6,261
L,Tyler Matzek,,,,94,,32,3.37,3.55,13.1,2.9,8.3,121
L,Tyler Webb,51,49,,45,86,,4.14,4.27,9.5,3,8,87
L,Victor Gonzalez,,,,,92,98,2.99,2.43,12.2,1.7,2.5,80
L,Wade LeBlanc,51,,9,,67,,4.57,4.71,10.1,4.2,7.8,103
L,Wade Miley,77,,65,,,,3.24,4.02,12.8,2.5,13.4,66
L,Wandy Peralta,77,,,78,99,74,2.96,3.28,14.3,2.5,9.6,108
L,Wes Benjamin,64,,,12,,2,4.57,4.65,11.4,4.7,7.1,98
L,Will Smith,,,,30,,60,3.92,3.9,12.4,3.8,6.5,62
L,Yusei Kikuchi,69,,62,87,,32,3.66,4.09,12.4,3.2,10.3,194
L,Zack Britton,,,,,81,,3.91,4.17,8.8,2.2,9.2,77
R,A.J. Cole,,,,31,,50,4.33,4.45,13.2,5,7.4,96
R,Aaron Civale,59,83,49,,6,51,3.97,3.76,10.5,3.1,5.1,313
R,Aaron Nola,77,,,48,32,,3.55,3.6,12,2.8,7.3,287
R,Aaron Slegers,,,,30,90,8,4.43,3.98,9.6,3.7,3,99
R,Adam Cimber,,,,3,2,2,5.29,5.02,9.8,5.6,4.1,54
R,Adam Ottavino,,,,,49,43,4.21,4.67,10.5,3.6,10.6,85
R,Adam Plutko,,,,42,,27,4.48,4.41,10.6,4.2,6,116
R,Adam Wainwright,,44,51,39,2,,4.65,4.52,8.5,3.6,5.7,262
R,Adbert Alzolay,,,,24,66,59,3.86,4.83,11.2,3.1,14.9,87
R,Adrian Houser,48,16,,51,62,51,4.05,4.24,8.9,2.6,8.5,249
R,Alec Mills,56.00000000000001,4,,3,11,63,4.88,4.97,7.6,3.7,7.5,254
R,Alex Cobb,74,,,,14.000000000000002,,3.8,3.92,10.2,2.6,8,226
R,Alex Colome,,,97,47,,,3.05,3.29,13.7,2.5,8.9,93
R,Alex Reyes,,,,95,,97,2.88,3.87,15.2,2.7,15.1,86
R,Anibal Sanchez,80,,43,5,1,,4.07,4.03,10.3,3.2,6.5,244
R,Anthony Bass,,,,,16,84,3.72,3.72,10.7,2.6,7,98
R,Anthony DeSclafani,12,,,79,56.99999999999999,68,3.53,3.93,12.6,3,10.1,161
R,Antonio Senzatela,5,55.00000000000001,,53,,60,4.1,3.99,9.8,3,5.9,303
R,Archie Bradley,24,,,34,,,4.71,4.41,9.7,4.3,4.1,72
R,Asher Wojciechowski,,46,,25,,18,4.31,4.59,10.9,4,8.9,167
R,Austin Brice,,20,,54,75,,4.39,5.36,8.9,3.3,14.9,88
R,Austin Voth,,53,1,35,,,5.05,5.13,9.3,4.9,7.1,223
R,Blake Parker,44,,,19,,,4.3,4.71,10.8,3.9,10.1,67
R,Blake Treinen,,,,,93,90,3.5,3.44,10.5,2,6.5,107
R,Brad Boxberger,55.00000000000001,,,62,,51,3.84,4.25,12.3,3.6,10.1,79
R,Brad Brach,,,5,,,,4.81,7.09,10.2,4.7,25.4,59
R,Brad Keller,,,,61,25,74,3.98,4.1,9.2,2.5,7.9,215
R,Brady Lail,,,,8,,,4.69,5.1,10.4,4.5,9.9,71
R,Brady Singer,59,,,,25,47,3.89,4.1,9.8,2.6,8.7,263
R,Brandon Bielak,90,,42,33,,2,4.35,4.93,10.6,3.9,11.5,148
R,Brandon Kintzler,,,,,23,,4.73,4.85,6.6,3,7.9,97
R,Brandon Woodruff,69,93,,92,82,87,3.28,3.18,12.8,2.6,6.1,291
R,Brandon Workman,93,,35,50,,,4.11,4.63,12,4,10.9,99
R,Brusdar Graterol,,,,,91,79,3.36,2.92,10.6,1.8,3.4,88
R,Bryan Garcia,59,,,,57.99999999999999,51,3.98,4.45,10.2,2.9,10.8,90
R,Bryse Wilson,,,,59,86,43,3.94,4.61,11.6,3.5,12.3,73
R,Buck Farmer,98,,,9,,,3.79,3.65,12.1,3.4,5.6,84
R,Cal Quantrill,82,,,,61,48,3.83,3.63,11,3,5.2,133
R,Cam Bedrosian,,,,32,,22,4.36,4.81,10.9,4.1,10.3,59
R,Cam Hill,,,,37,,4,4.84,4.72,9.7,4.6,5.6,80
R,Carlos Carrasco,81,,,60,26,69,3.16,3.49,14,2.8,9.6,280
R,Carlos Estevez,,,,77,,36,3.94,4.08,12.8,4,7.8,116
R,Carlos Hernandez,,11,,,47,,4.09,4.36,11.3,3.7,9,67
R,Carlos Martinez,90,,,46,,30,3.68,3.77,10.8,2.6,7.7,102
R,Casey Mize,85,,,34,49,19,3.78,4.14,11.6,3.1,9.8,132
R,Casey Sadler,,84,77,,34,,3.79,4.65,11.3,3,14,86
R,Cesar Valdez,36,,,,,,3.67,3.54,12.1,3.1,5.7,53
R,Chad Green,,57.99999999999999,,82,,,3.92,3.83,11.7,3.5,6,98
R,Chad Kuhl,37,,,,43,30,3.97,4.87,11.5,3.5,14.2,198
R,Charlie Morton,,66,,47,75,,4.13,4.03,10.5,3.4,5.9,171
R,Chase Anderson,54,62,47,14.000000000000002,,,4.1,4.08,11.2,3.7,6.5,140
R,Chi Chi Gonzalez,,,3,44,,,4.63,5.15,8.8,3.7,11,91
R,Chris Bassitt,20,25,31,70,31,,4.55,4.52,8.6,3.5,6.5,262
R,Chris Martin,,,,,8,69,4.03,3.58,11.1,3.4,3,65
R,Chris Mazza,,,19,24,63,33,4.12,4.63,10.4,3.3,11,136
R,Chris Paddack,45,1,,20,,,4.8,4.61,10.2,4.7,4.9,248
R,Chris Stratton,69,65,,62,,84,3.45,3.82,13.2,3.1,9.9,132
R,Codi Heuer,,,,,79,75,3.71,4.07,11.4,2.9,9.8,92
R,Cody Ponce,,,,12,,,4.68,4.97,9.2,4,9.1,66
R,Cody Stashak,,,,44,,24,4.18,4.03,12.2,4.3,5.3,57
R,Cole Sulser,96,,,27,,84,3.64,4.76,13.4,3.6,16,99
R,Colin Rea,,,,28.999999999999996,,,4.71,4.3,9.2,4.1,3.2,62
R,Colten Brewer,,54,73,,,43,3.48,4.05,13.4,3.2,11.5,122
R,Corbin Burnes,90,93,99,,89,99,2.82,3.18,14.5,2.3,10,241
R,Corey Knebel,0,,,78,,,4.15,4.91,12.4,4.2,12.9,62
R,Corey Oswalt,,,,13,,51,4.22,3.87,12.3,4.4,3.6,55
R,Craig Kimbrel,89,,,98,,,3.34,4.45,14.9,3.6,15.9,70
R,Craig Stammen,,,,,32,84,4.36,3.99,8.5,3,3.8,104
R,Cristian Javier,17,,,55.00000000000001,,16,4.27,4.5,12,4.4,8.4,214
R,Dakota Bacus,,,,,3,76,3.5,4.57,11.7,2.6,15.8,57
R,Dakota Hudson,,72,,28.999999999999996,62,41,3.98,4.26,9.1,2.5,9.3,150
R,Dan Altavilla,,,,97,,48,3.06,3.9,17.2,4,13.5,89
R,Dan Winkler,,,36,95,,,3.95,4.9,12.3,3.8,14.5,76
R,Dane Dunning,39,,,30,15,24,4.22,4.51,9.5,3.1,9.2,142
R,Daniel Bard,,,,90,,30,3.48,3.56,13.2,3.2,7.5,103
R,Daniel Hudson,,,,87,,79,3.69,4.35,14.4,4.1,12,91
R,Daniel Mengden,,,,6,,,4.76,5.42,9.7,4.4,12.1,58
R,Daniel Ponce de Leon,,6,79,11,,,4.99,5.89,9.2,4.7,14,143
R,Darren O'Day,,,,12,,8,4.83,4.95,9.5,4.5,7.5,67
R,David Hale,20,13,,39,,,4.44,4.27,9.6,3.7,5.3,75
R,David Phelps,94,,24,59,5,,4.68,4.59,9.8,4.3,5.9,85
R,Dean Kremer,,33,,18,,,4.81,5.77,9.3,4.3,14.5,83
R,Deivi Garcia,33,62,,53,,64,4.1,3.8,12.3,4.1,4.1,146
R,Dellin Betances,57.99999999999999,,,54,,,4.97,6.61,8.2,4.2,20.3,60
R,Dennis Santana,7.000000000000001,,,,75,51,3.65,3.98,11.6,2.8,9.6,73
R,Devin Williams,99,,,82,,,2.39,2.64,17.4,2.6,9,100
R,Diego Castillo,,,,,94,41,3.07,3.72,13,2.2,12.4,89
R,Dillon Tate,,,,24,81,36,3.95,4.07,11.1,3.3,7.8,66
R,Dinelson Lamet,,,,75,69,28.000000000000004,3.48,3.58,14,3.5,7.5,267
R,Dovydas Neverauskas,,97,94,19,,,3.93,4.47,11.9,3.6,11.2,89
R,Drew Rasmussen,,,,90,,,3.2,3.91,14.4,3.1,12.7,71
R,Duane Underwood Jr.,56.99999999999999,78,,50,,,3.95,3.82,11.5,3.4,5.7,87
R,Dustin May,59,76,52,99,97,,3.56,3.57,10.8,2.3,7.1,225
R,Dylan Bundy,24,1,,11,5,21,4.56,4.49,10.3,4.2,6,266
R,Dylan Cease,7.000000000000001,,,86,,83,3.31,4.04,14.1,3.2,12.9,255
R,Dylan Covey,,,,,,11,4.42,4,9.4,3.5,3.3,60
R,Dylan Floro,39,,,,83,43,3.46,2.99,11.4,2.4,3.1,97
R,Edwin Diaz,,,,97,,47,3.13,3.77,16.9,4,11.9,105
R,Elieser Hernandez,,,,36,,6,4.85,4.65,10.6,5,4.7,107
R,Emilio Pagan,,,72,79,,,3.86,4.3,13.1,3.9,10.3,87
R,Enoli Paredes,,,,99,,84,2.95,3.6,15.5,3,12.2,91
R,Erasmo Ramirez,,,,,37,,4.68,4.77,8.1,3.5,7.5,53
R,Eric Yardley,,9,,,17,,5.03,5.47,8.1,4.3,10.3,97
R,Erick Fedde,48,46,90,5,70,,3.95,4.19,9.1,2.4,9,220
R,Evan Marshall,74,69,,51,,,3.43,3.5,12,2.5,7.5,96
R,Evan Phillips,,,,37,,33,4.21,4.99,10.5,3.6,13.2,68
R,Felix Pena,4,,,,64,64,4.1,4.13,10.6,3.4,7,114
R,Frankie Montas,95,,,64,60,48,3.83,4.17,11.3,3.1,9.7,237
R,Franklyn Kilome,,,,,33,,4.65,5.71,9,3.9,15.5,58
R,Freddy Peralta,,41,,91,,,3.81,4.18,13.9,4.2,9.6,116
R,Garrett Richards,,,,80,53,90,3.16,3.28,12.4,2.2,8,213
R,Geoff Hartlieb,,,,,65,23,3.78,5.2,10.1,2.5,18.8,101
R,German Marquez,22,,,46,51,16,3.97,4.02,10.4,3,7.3,343
R,Gerrit Cole,55.00000000000001,,,89,,92,2.85,2.74,16.4,3.2,5.9,315
R,Giovanny Gallegos,,,,9,,36,4.17,4.21,11.6,3.9,7,57
R,Greg Holland,,72,,82,,78,3.17,2.98,12.8,2.3,5.4,111
R,Griffin Canning,32,87,,27,,18,3.95,4.33,13.1,4.2,9.7,238
R,Hansel Robles,94,,,76,,,3.15,3.84,15,3.2,12.5,80
R,Heath Hembree,,,,66,,84,3.44,3.7,14,3.4,8.9,90
R,Hector Neris,98,,,32,,,3.45,3.92,13.5,3.2,10.7,101
R,Hector Rondon,,,,53,,90,3.63,3.93,12.3,3.1,9.3,95
R,Huascar Ynoa,,,,17,,39,4.39,5.05,11.5,4.4,12,99
R,Humberto Castellanos,,0,,10,,,5.12,5.51,8.4,4.6,9.8,51
R,Ian Anderson,45,37,,38,,,4.06,4.48,12,3.9,10.1,137
R,Ian Gibaut,,,,59,,2,4.22,5.27,11.8,4.1,15.3,58
R,Ian Kennedy,,,12,64,,,4.11,4.01,11.9,4,5.8,68
R,Ivan Nova,,,,,24,,4.63,5.03,6.8,2.9,10.2,67
R,J.B. Wendelken,,,,68,,51,3.9,4.34,11.6,3.4,10.4,115
R,Jack Flaherty,,23,,56.00000000000001,67,61,3.93,4.25,11.5,3.4,9.4,170
R,Jacob Barnes,,,88,81,,,3.4,3.21,14.1,3.4,5.1,78
R,Jacob deGrom,86,,,100,,98,2.15,2.13,18.9,2.8,6.7,269
R,Jacob Waguespack,59,,94,36,,,4.4,4.8,10.3,3.9,10,90
R,Jaime Barria,4,,,28.000000000000004,,5,4.9,4.86,10.4,5,6.1,131
R,Jairo Diaz,,,,56.99999999999999,46,62,3.8,4.46,11.2,3,12.3,105
R,Jake Arrieta,33,,,,35,15,4.12,4.3,9,2.7,8.4,188
R,Jake Newberry,,,,38,,75,3.44,4.15,12.4,2.7,12.8,94
R,Jake Odorizzi,,,,24,,43,3.87,3.66,12.2,3.5,5,60
R,Jake Woodford,,31,,54,,33,4.32,4.22,9.8,3.5,5.9,85
R,Jakob Junis,,,,21,,40,4.31,4.01,8.9,3.1,4.4,113
R,James Hoyt,,,,,,19,4.1,4.65,11.4,3.7,11.3,61
R,James Karinchak,,60,,81,,,3.74,4.59,12.5,3.4,13.8,109
R,Jared Hughes,2,32,,,82,,4.41,4.91,8.2,3,11,107
R,Jason Adam,,41,,91,,,3.5,4.36,13.9,3.5,13.8,58
R,Javy Guerra,,,,11,92,72,4.2,4.59,9.8,3.3,10,137
R,Javy Guerra,,,,11,92,72,4.2,4.28,9.8,3.3,7.5,137
R,Jeff Hoffman,76,16,,28.999999999999996,,,4.31,4.44,10.6,3.8,7.7,103
R,Jeff Samardzija,3,,,,,,6.56,6.48,9,8,5.2,77
R,Jeremy Jeffress,67,,,,57.99999999999999,,3.87,4.54,10.4,2.8,12.5,87
R,Jesse Chavez,,,7.000000000000001,,22,,4.86,5.15,7.7,3.8,9.1,76
R,Jesse Hahn,,16,,,50,,4.32,4.97,8.7,3,12.3,65
R,Jeurys Familia,82,,,,95,36,3.42,4.28,11.1,2.2,14.2,118
R,Jimmy Cordero,16,,,,89,72,3.87,3.7,9.6,2.5,5.6,122
R,Jimmy Herget,,,,14.000000000000002,,43,4.65,5.64,9.8,4.2,14.9,83
R,Joakim Soria,,,,28.999999999999996,,63,4.48,4.57,10.7,4.2,7.3,97
R,Joe Jimenez,,,,37,,12,4.45,4.38,11.9,4.7,5.9,97
R,Joe Musgrove,48,57.99999999999999,,28.000000000000004,11,83,3.82,4.15,10.6,2.8,9.6,167
R,Joey Gerber,,,,,21,2,4.65,4.84,10.8,4.6,8.1,62
R,Johan Oviedo,,,,66,,23,4,4.24,10.2,3,8.9,112
R,John Curtiss,,,,42,,13,4.21,3.77,11.5,4,3,88
R,John Gant,,,,,26,,4.38,4.95,9.6,3.6,11.5,61
R,John Schreiber,,26,,47,,,4.79,4.51,8.6,4,4.3,69
R,Johnny Cueto,33,28.999999999999996,,24,37,6,4.14,4.46,11.1,3.7,9.4,276
R,Jon Gray,2,,,34,,57.99999999999999,4.29,4.24,10.6,3.8,6.3,174
R,Jonathan Hernandez,24,,,,84,74,3.31,3.25,12.6,2.5,6.4,118
R,Jonathan Holder,77,,,61,,,3.81,4.18,11.6,3.2,9.9,100
R,Jonathan Loaisiga,24,80,,89,90,,3.57,3.47,12.4,3,6,99
R,Jordan Lyles,12,45,,17,,33,4.5,4.73,10.2,4,8.6,268
R,Jordan Romano,,,,92,,59,2.85,3.09,16,3,8.8,51
R,Jordan Weems,,,,50,,,3.8,4.45,12.6,3.6,12.1,58
R,Jordan Yamamoto,,,,14.000000000000002,,63,4.54,4.99,9.8,4,10.4,67
R,Jorge Alcala,,,,57.99999999999999,,17,3.73,3.95,13.5,3.8,8.5,94
R,Jorge Lopez,46,,,18,56.00000000000001,,4.35,4.29,9.4,3.4,6.3,175
R,Jose Berrios,32,21,,36,73,,4.18,4.53,10.8,3.6,9.6,272
R,Jose Cisnero,77,,,75,,87,3.47,3.64,14,3.5,8.1,122
R,Jose Urena,,,,31,98,64,3.82,4.5,11.4,3.1,12.5,105
R,Jose Urquidy,96,23,,13,,69,4.08,4.1,11.1,3.6,6.9,116
R,Josh A. Smith,,68,,32,,24,3.93,4.01,11.8,3.5,7.4,119
R,Josh James,,,,73,,94,3.61,5.27,13.4,3.5,20.5,84
R,Josh Lindblom,24,6,21,20,,33,4.34,4.55,10.6,3.9,8.4,192
R,Josh Staumont,,59,,97,,,3.44,4.35,13.8,3.3,14.3,113
R,Josh Tomlin,,73,20,1,,,4.68,4.32,9.4,4.1,3.7,161
R,JT Brubaker,,89,,51,56.99999999999999,56.99999999999999,3.77,3.94,11.4,3,8.3,206
R,Julian Merryweather,,,,84,,,3.98,4.5,13.3,4.3,10.9,55
R,Julio Teheran,8,48,,22,15,8,4.65,5.13,8.5,3.7,10.7,148
R,Junior Guerra,51,75,,67,37,,4.09,4.8,11,3.5,12.6,100
R,Justin Dunn,,20,,6,,71,4.84,5.88,10,4.7,15.2,197
R,Kendall Graveman,,,,,66,,3.91,4.32,9.2,2.4,10.4,77
R,Kenley Jansen,,,78,,7.000000000000001,,3.86,4.1,11.2,3.1,8.8,97
R,Kenta Maeda,84,,,12,37,13,3.73,3.39,12.4,3.3,4,268
R,Kevin Gausman,93,,,49,,28.000000000000004,3.39,3.36,13.8,3.2,6.5,246
R,Kevin Ginkel,,,,49,,31,3.98,4.85,12.6,4,13.9,77
R,Keynan Middleton,,,,88,,,3.53,4.09,14.5,3.8,11.3,53
R,Kyle Cody,,,,4,37,47,4.21,5.11,11.7,4.1,14.1,91
R,Kyle Finnegan,,,,,63,24,4.36,4.56,9.8,3.6,8.4,103
R,Kyle Funkhouser,,,,69,85,79,3.77,4.58,11.2,3,13.6,81
R,Kyle Gibson,66,37,,23,26,61,3.98,4.31,10.2,3,9.6,301
R,Kyle Hendricks,15,35,,5,1,,5.08,4.54,7,3.9,2.2,315
R,Kyle Wright,59,61,,64,72,17,3.72,4.55,11.2,2.8,13.7,167
R,Kyle Zimmer,,87,,78,,22,3.92,4.42,11.1,3.2,11,91
R,Lance Lynn,,92,15,63,84,,4.41,4.48,10.2,3.8,7.3,343
R,Lance McCullers Jr.,57.99999999999999,,,,51,,3.59,3.8,10,2,8.8,229
R,Liam Hendriks,,,,82,,82,3.59,3.05,14,3.7,2.2,91
R,Ljay Newsome,69,13,,20,,,4.32,3.7,10.9,4,1.5,68
R,Logan Webb,56.99999999999999,,,30,75,64,3.86,4.16,10.8,2.9,9.3,229
R,Lou Trivino,,,79,14.000000000000002,85,,3.89,4.36,10.4,2.8,10.8,94
R,Lucas Giolito,23,,,45,,36,4.02,4.39,12.2,3.9,9.7,311
R,Lucas Sims,,82,,91,,93,3.18,3.75,14.8,3.2,11.5,104
R,Luis Castillo,66,,,85,92,21,3.12,3.26,12.5,2.1,8.2,268
R,Luis Cessa,90,,,,,60,3.05,3.12,14.3,2.7,7.5,102
R,Luis Garcia,51,,,45,,51,3.78,4.19,11.9,3.3,10.2,92
R,Luis Garcia,51,,,45,,51,3.78,5.11,11.9,3.3,17.8,92
R,Luis Patino,22,,,94,,97,3.3,4.47,13.7,3,16.5,85
R,Luis Perdomo,59,,,,31,71,3.68,4.48,11.1,2.7,13.5,74
R,Luke Jackson,,30,,26,,68,3.93,4.31,12.6,3.8,9.8,133
R,Luke Weaver,81,,56.99999999999999,60,,,3.69,3.8,13.2,3.6,7.6,238
R,Marcus Walden,,,85,,53,24,3.6,4.3,11.2,2.6,12.7,72
R,Mark Melancon,14.000000000000002,,34,,,,3.86,3.54,11.1,3.1,4.2,92
R,Masahiro Tanaka,76,,,56.00000000000001,9,46,3.48,3.16,13.1,3.1,4.1,198
R,Matt Andriese,75,,,16,,,3.87,4.1,11.7,3.4,8.7,126
R,Matt Barnes,19,,,48,,,4.17,4.91,12.2,4.2,12.7,100
R,Matt Foster,16,,,27,,,4.54,4.77,11.8,4.9,8.3,109
R,Matt Harvey,,,,13,,,4.3,4.41,9.4,3.3,7.7,65
R,Matt Shoemaker,47,,,24,20,19,4.07,4.19,11.1,3.5,7.8,125
R,Matt Wisler,,,,2,,31,3.89,4.66,12,3.5,13.1,107
R,Max Scherzer,56.00000000000001,23,53,61,,64,3.66,3.76,13.1,3.5,7.5,293
R,Merrill Kelly,69,85,26,35,75,,3.91,3.46,10.1,2.7,3.2,124
R,Michael Fulmer,59,,,35,44,57.99999999999999,4.22,4.46,9.4,3.1,8.8,136
R,Michael King,9,26,,,59,,4.55,4.83,8.6,3.5,9.1,121
R,Michael Lorenzen,86,,27,79,,97,3.21,3.72,14.9,3.3,10.9,145
R,Michael Pineda,48,,,5,,28.999999999999996,4.37,4.33,10.1,3.8,6.3,111
R,Michael Wacha,31,,50,14.000000000000002,,,4.44,4.2,11.3,4.4,4.5,156
R,Miguel Castro,50,,,,98,97,2.76,3.27,13.5,1.8,11.3,115
R,Mike Clevinger,10,85,,71,,67,3.37,3.59,14.3,3.4,8.6,165
R,Mike Fiers,69,15,,1,0,1,5.18,5.15,9,5,6.2,258
R,Mike Mayers,,,33,61,,62,3.74,3.83,13,3.6,7.4,121
R,Mike Soroka,,,,,67,,4.49,5.15,8.7,3.4,12.3,57
R,Mitch Keller,,16,,38,,84,4.35,6.05,11.1,4.1,20.7,87
R,Mychal Givens,17,,,93,,84,3.7,4.2,13.5,3.8,10.8,94
R,Nate Jones,,,,,35,28.999999999999996,3.85,3.74,12.1,3.5,5.8,85
R,Nate Pearson,,,,91,,69,3.47,4.59,14.4,3.7,16,81
R,Nathan Eovaldi,69,12,56.99999999999999,89,,,3.69,3.31,13.3,3.7,3.5,199
R,Nick Anderson,,41,,70,,,3.93,3.75,12.1,3.6,5.2,62
R,Nick Goody,,,,11,,24,4.22,5.18,12.4,4.4,14.5,55
R,Nick Nelson,51,,,84,,99,3.2,3.85,14.5,3.1,12.2,91
R,Nick Pivetta,77,,,9,,,4.71,4.96,11.1,4.9,8.5,71
R,Nick Tropeano,56.00000000000001,,,1,,72,3.76,3.7,13.5,3.9,6.1,66
R,Nick Vincent,,,5,28.000000000000004,,,5.28,5.3,9.1,5.2,6.5,92
R,Nick Wittgren,73,,,21,,51,4.23,3.93,11.6,4.1,4.1,95
R,Noe Ramirez,86,37,,14.000000000000002,,,4.11,4.29,11.5,3.8,8.2,84
R,Pablo Lopez,68,,53,51,88,,3.81,3.83,10.8,2.8,7.1,240
R,Pedro Baez,41,,,69,,8,3.87,4.28,13.5,4.1,10,70
R,Pete Fairbanks,,,,88,,92,2.98,3.59,14.1,2.5,12,119
R,Phil Maton,,56.00000000000001,98,88,,,3.3,3.11,13.7,3,5.2,99
R,Phillips Valdez,47,,,,45,,3.97,4.56,10.5,3.1,11.7,133
R,Pierce Johnson,,68,,,14.000000000000002,,4.19,4.74,11.5,4,11.2,80
R,Rafael Dolis,98,,,,61,94,3.49,4.33,11.3,2.4,14,96
R,Rafael Montero,51,,,87,86,,3.51,3.68,12.3,2.9,8.3,72
R,Raisel Iglesias,96,,,75,,56.99999999999999,3.11,2.82,15.1,3.2,4.4,84
R,Randy Dobnak,7.000000000000001,,,,71,28.999999999999996,4.15,4.1,9.4,2.9,6.5,200
R,Reynaldo Lopez,12,,,60,,10,4.17,4.86,11.7,4,12.4,121
R,Richard Rodriguez,,,,16,,61,4.5,4.37,11.2,4.5,5.4,92
R,Rick Porcello,27,,,22,7.000000000000001,7.000000000000001,4.85,4.74,8.1,3.9,5.7,263
R,Riley Smith,,,,,19,19,4.46,4.49,8.3,3.2,7.1,70
R,Robert Dugger,,,,42,,51,4.19,4.04,11.4,3.9,5.4,56
R,Robert Gsellman,,,,,30,24,4.53,5.09,10.5,4.2,11.3,71
R,Robert Stock,,,,68,,99,3.58,4.7,13.1,3.3,16.1,62
R,Rony Garcia,20,,,57.99999999999999,,43,4.26,4.59,10.9,3.9,9.4,96
R,Ross Stripling,37,,,9,,33,4.3,4.49,11.1,4,8.2,218
R,Rowan Wick,99,,,86,,,3.5,3.51,13.9,3.5,6.8,73
R,Ryan Brasier,,,,89,,90,3.23,3.51,14.5,3.2,9.1,110
R,Ryan Castellani,28.000000000000004,71,,25,,76,4.23,5.09,11.2,3.9,13.8,189
R,Ryan Helsley,,,71,95,,,3.06,3.88,15.7,3.4,13.5,51
R,Ryan Pressly,,80,,84,,93,2.54,2.5,15.9,2.3,6.6,90
R,Ryan Tepera,,,67,,48,,3.79,4.59,11.2,3,13.5,89
R,Ryan Thompson,,,,,88,11,4.2,4.22,9.4,3.1,7,114
R,Ryan Weber,20,47,30,,15,,4.59,4.68,7.4,3,7.6,185
R,Ryne Harper,,,,5,,16,4.66,4.62,8.4,3.7,6.4,108
R,Sam Coonrod,,,,93,94,,3.11,3.46,13.2,2.4,9.9,71
R,Sandy Alcantara,33,30,,83,97,56.99999999999999,3.76,3.98,11.3,2.9,8.7,174
R,Scott Barlow,,51,,74,,82,3.06,2.9,14.1,2.7,5.6,123
R,Sergio Romo,,,,,,39,4.13,4.26,9.5,3,8,87
R,Seth Elledge,,,,,8,94,4.18,5.22,9.9,3.2,15.4,52
R,Seth Lugo,69,77,,62,21,51,3.86,3.72,11.6,3.3,5.6,135
R,Shane Bieber,89,,37,67,,79,2.96,3,15.7,3.1,7.1,323
R,Shane Greene,59,,63,,19,33,4.1,4.16,9.5,2.9,7.3,108
R,Shaun Anderson,,,,95,,78,2.79,4.11,14.8,2.4,17.9,68
R,Shawn Armstrong,,,65,71,,,3.59,3.41,12.6,3.2,5.3,57
R,Shun Yamaguchi,47,,,7.000000000000001,,2,4.29,5.22,12,4.4,14.2,120
R,Sixto Sanchez,63,,,85,93,24,3.65,3.6,12.5,3.3,6.3,159
R,Sonny Gray,,90,,68,23,96,3.7,4.21,11.5,2.9,11.1,236
R,Spencer Howard,5,,,28.000000000000004,,43,4.75,5.02,10.1,4.6,8.8,113
R,Spencer Turnbull,24,,,81,80,84,3.87,4.43,9.9,2.6,11.6,241
R,Stefan Crichton,,36,,,53,,4.66,4.4,7.7,3.3,4.6,105
R,Steve Cishek,,,,,36,21,4.16,4.51,10.7,3.5,9.7,93
R,Taijuan Walker,23,22,23,26,37,,4.62,4.84,10.5,4.4,8.4,225
R,Tanner Houck,,,,51,96,69,4.02,4.91,10,2.9,14.3,63
R,Tanner Rainey,,,,75,,99,3.03,3.19,15.9,3.4,8,74
R,Tanner Roark,27,62,,21,3,24,4.69,5.16,9.5,4.2,10.5,220
R,Taylor Clarke,64,,,38,,51,3.88,4.34,12.8,3.9,10.4,181
R,Taylor Widener,48,,,80,,79,3.33,4.03,14.7,3.5,12.5,86
R,Taylor Williams,,,,76,,14.000000000000002,3.89,4.19,14.3,4.5,9,66
R,Tejay Antone,,26,,,16,39,3.98,4.53,11.8,3.6,11.3,142
R,Thomas Eshelman,6,49,,3,0,4,5.27,5.32,8.2,4.8,6.9,145
R,Tommy Hunter,,92,48,,18,,4.29,4.19,9.8,3.4,5.9,102
R,Tony Gonsolin,88,,,46,,94,3.18,2.85,14.4,3,4,176
R,Touki Toussaint,20,43,,73,,,3.98,4.77,11.2,3.4,13.3,120
R,Trevor Bauer,92,,60,67,43,76,3.37,3.26,15.1,3.7,5.8,277
R,Trevor Cahill,38,,,,26,,4.2,4.88,10.6,3.6,12.4,107
R,Trevor Gott,,,,92,,,3.59,4.47,14.1,3.8,14,57
R,Trevor May,8,,,96,,82,2.84,2.89,15.5,2.8,7.3,99
R,Trevor Richards,80,37,,7.000000000000001,,,4.38,4.47,11.3,4.3,7.3,150
R,Trevor Rosenthal,,,,95,,79,3.08,3.32,14.8,3,8.8,91
R,Trevor Williams,39,51,,55.00000000000001,28.999999999999996,89,3.91,4.09,11.1,3.2,8.3,252
R,Triston McKenzie,1,7.000000000000001,,46,,69,4.48,4.55,11.7,4.7,7.1,128
R,Ty Buttrey,96,,,19,,36,4.47,4.33,11.2,4.4,5.4,109
R,Tyler Chatwood,,,86,,46,,3.61,4.04,11.2,2.6,10.5,86
R,Tyler Clippard,5,,,26,37,,5.16,4.91,11.4,6,4.1,98
R,Tyler Duffey,93,,,23,,,4.17,4.13,10.2,3.4,6.5,95
R,Tyler Glasnow,,95,,94,,,3.02,3.3,14.4,2.7,9.2,236
R,Tyler Kinley,,,,39,,78,3.28,3.98,14.7,3.4,12.5,96
R,Tyler Mahle,33,,,55.00000000000001,,73,3.69,4.15,14.2,4,10.4,201
R,Tyler Rogers,,4,,52,,,5.78,5.6,6.6,5.2,4.9,123
R,Tyler Zuber,,,,69,,73,3.37,4.86,13.5,3.1,19.2,98
R,Vince Velasquez,15,,,76,,51,3.68,4.12,13.2,3.6,10.4,153
R,Walker Buehler,100,,100,97,,,2.67,2.74,15.8,2.6,7.5,147
R,Walker Lockett,,26,,,90,,4.14,3.98,9.9,3.1,5.5,73
R,Will Harris,,99,74,,,,3.3,3.76,13.2,2.8,10.7,84
R,Wilmer Font,,,,44,,51,4.76,5.25,9.5,4.3,10.6,81
R,Yency Almonte,,,,49,,62,3.72,3.54,12.4,3.4,5.3,113
R,Yimi Garcia,,,,96,,51,3.2,3.37,14,2.9,8.3,60
R,Yohan Ramirez,,,,77,,49,3.42,5.05,14.6,3.6,20.2,92
R,Yonny Chirinos,,,,,48,,3.93,4.03,10.5,3,7.7,52
R,Yoshihisa Hirano,87,,,2,,,3.77,4.5,13.1,3.7,12.7,63
R,Yu Darvish,17,,70,85,53,40,3.49,3.21,13.6,3.4,4.4,296
R,Yusmeiro Petit,0,,28.999999999999996,4,,,5.35,5.26,8.2,5,5.7,92
R,Zac Gallen,41,,40,39,,,3.92,4.16,12.5,3.8,8.6,291
R,Zach Davies,65,,0,,4,,4.78,4.82,9.4,4.3,6.9,275
R,Zach Eflin,16,44,,64,65,17,3.99,3.88,9.3,2.6,6.1,245
R,Zach Plesac,38,37,,14.000000000000002,,51,4.04,3.59,11.8,3.8,2.9,207
R,Zack Godley,19,,44,,,,4.19,4.54,8.7,2.8,9.8,143
R,Zack Greinke,46,34,,6,,33,4.39,3.97,9.2,3.4,3.3,286
R,Zack Wheeler,33,81,,86,96,83,3.38,3.14,12.5,2.6,4.9,286
